Gene,Lung_Mean,Lung_Std,Breast_Mean,Breast_Std,Log2FC,p_value,Bonferroni_p
ITGAX,6.759439583333334,1.415627162706888,2.517936312849162,1.2015033535140174,4.241503270484172,2.1926054647667323e-125,5.920034754870177e-124
ITGA8,4.400867361111112,1.2242008871796366,0.8118279329608937,1.2992259572450864,3.589039428150219,8.655280914583823e-99,2.3369258469376322e-97
ITGAL,4.616620833333333,1.2023483769542254,1.4665519553072623,1.143563200492844,3.1500688780260706,4.713137207420678e-97,1.272547046003583e-95
ITGAM,4.607177430555556,1.1722260033238625,2.0930664804469274,0.9212963773604795,2.5141109501086283,5.664179097867808e-90,1.5293283564243083e-88
ITGB2,6.428410069444444,1.2412313518651374,3.884975977653631,1.008241044075776,2.5434340917908136,1.5133429231529613e-82,4.0860258925129953e-81
ITGA3,6.793342013888889,1.1576987273684956,4.817402234636872,0.821900430350726,1.975939779252017,1.828367035749768e-71,4.936590996524373e-70
ITGA2B,2.6637159722222226,1.6381955796228713,0.31654134078212287,0.8295201369509849,2.3471746314400996,3.1724789062452836e-66,8.565693046862266e-65
ITGA4,3.0817256944444447,1.1984311004572061,0.9893698324022345,1.0796196831330922,2.09235586204221,2.46866383787113e-60,6.665392362252051e-59
ITGA7,4.930674652777778,1.2722357017407784,7.131452513966479,1.1664499702385385,-2.2007778611887003,1.608701781935477e-58,4.3434948112257874e-57
ITGB7,2.396051736111111,1.2860278567315944,0.8246396648044693,0.9287544151402909,1.571412071306642,6.958791180656356e-43,1.878873618777216e-41
ITGA1,5.164276736111112,1.1767867591137942,3.868178770949721,0.6869535205779471,1.2960979651613909,7.754983864261774e-42,2.093845643350679e-40
ITGA2,3.071069444444445,1.4546671409089122,0.831108938547486,1.576516109358138,2.239960505896959,3.169547359422614e-41,8.557777870441057e-40
ITGB6,4.091340277777778,1.2217410470462033,1.4199039106145253,2.6058217418652947,2.671436367163253,8.045897165301408e-29,2.17239223463138e-27
ITGB4,4.1007322916666675,1.1442356304289611,5.592287709497207,1.3996285806931203,-1.49155541783054,1.2869939170207885e-27,3.474883575956129e-26
ITGA6,4.605781944444445,1.124733930078919,5.5379206703910615,0.6096704070598243,-0.9321387259466167,2.0728042806984855e-27,5.596571557885911e-26
ITGBL1,4.371885416666667,1.427743653801779,2.9988469273743017,1.1131137745986168,1.3730384892923655,2.3371824340243382e-27,6.310392571865713e-26
ITGAD,-2.4691413194444447,1.6985694944219478,-4.377718435754191,2.104639757598662,1.908577116309746,1.8845570910952272e-21,5.0883041459571135e-20
ITGA5,7.344170138888889,1.301379117688378,6.451791061452513,0.7502463005524834,0.8923790774363756,2.6619095971312278e-19,7.187155912254316e-18
ITGA10,4.199648958333333,1.3287191099849993,2.952141340782123,1.545240807338248,1.2475076175512103,2.6534133425083842e-17,7.164216024772638e-16
ITGA11,0.5565576388888888,1.2246465874376284,1.4164229050279329,1.161655305283214,-0.8598652661390441,1.9705547731624204e-13,5.320497887538535e-12
ITGAV,4.650391666666668,1.0852725079837624,4.199708938547486,0.46353238184702594,0.4506827281191814,1.3749893715003434e-09,3.7124713030509274e-08
ITGB5,6.265571875,1.08566479773408,6.552129608938548,0.5002605274797729,-0.28655773393854833,0.00012691695790129507,0.0034267578633349668
ITGA9,2.4927729166666666,0.9314526047382623,2.3326301675977654,0.511555774069338,0.16014274906890114,0.017063089019223935,0.46070340351904626
ITGB1,7.741803819444446,1.1463415628407452,7.600393854748603,0.47785090220413373,0.14140996469584266,0.06492316971525233,1.0
ITGB8,1.095187152777778,1.2831338638203176,1.3762770949720673,2.194814030303816,-0.2810899421942894,0.12091925553540815,1.0
ITGB3,2.238557986111111,1.2841126628713124,2.190650279329609,0.8794999845656879,0.047907706781502135,0.6329062389335905,1.0
ITGAE,4.8503090277777785,1.0191209521835665,4.826808379888268,0.3418607675173991,0.02350064788951034,0.7189760018606222,1.0
